CREATE DATABASE  IF NOT EXISTS `mis` /*!40100 DEFAULT CHARACTER SET utf8mb3 */ /*!80016 DEFAULT ENCRYPTION='N' */;
USE `mis`;
-- MySQL dump 10.13  Distrib 8.0.36, for Win64 (x86_64)
--
-- Host: 127.0.0.1    Database: mis
-- ------------------------------------------------------
-- Server version	8.0.36

/*!40101 SET @OLD_CHARACTER_SET_CLIENT=@@CHARACTER_SET_CLIENT */;
/*!40101 SET @OLD_CHARACTER_SET_RESULTS=@@CHARACTER_SET_RESULTS */;
/*!40101 SET @OLD_COLLATION_CONNECTION=@@COLLATION_CONNECTION */;
/*!50503 SET NAMES utf8 */;
/*!40103 SET @OLD_TIME_ZONE=@@TIME_ZONE */;
/*!40103 SET TIME_ZONE='+00:00' */;
/*!40014 SET @OLD_UNIQUE_CHECKS=@@UNIQUE_CHECKS, UNIQUE_CHECKS=0 */;
/*!40014 SET @OLD_FOREIGN_KEY_CHECKS=@@FOREIGN_KEY_CHECKS, FOREIGN_KEY_CHECKS=0 */;
/*!40101 SET @OLD_SQL_MODE=@@SQL_MODE, SQL_MODE='NO_AUTO_VALUE_ON_ZERO' */;
/*!40111 SET @OLD_SQL_NOTES=@@SQL_NOTES, SQL_NOTES=0 */;

--
-- Table structure for table `doctor`
--

DROP TABLE IF EXISTS `doctor`;
/*!40101 SET @saved_cs_client     = @@character_set_client */;
/*!50503 SET character_set_client = utf8mb4 */;
CREATE TABLE `doctor` (
  `doctor_id` int NOT NULL AUTO_INCREMENT,
  `fio` varchar(150) NOT NULL,
  `phone` varchar(12) NOT NULL,
  `specialty` varchar(50) NOT NULL,
  `birthday` date NOT NULL,
  `experience` float NOT NULL,
  `login` varchar(45) NOT NULL,
  `password` varchar(45) NOT NULL,
  `cabinet` int DEFAULT NULL,
  PRIMARY KEY (`doctor_id`)
) ENGINE=InnoDB AUTO_INCREMENT=101 DEFAULT CHARSET=utf8mb3;
/*!40101 SET character_set_client = @saved_cs_client */;

--
-- Dumping data for table `doctor`
--

LOCK TABLES `doctor` WRITE;
/*!40000 ALTER TABLE `doctor` DISABLE KEYS */;
INSERT INTO `doctor` VALUES (1,'Давыдова Анжелика Филипповна','79213098509','Хирург','1980-09-09',6,'KelenToison','Contumacious',1),(2,'Бодулева Ксения Вадимовна','79219671102','Онколог','1980-10-15',4,'Vermicious','Trepang',2),(3,'Чернуха Раиса Германовна','79217954929','Терапевт','1980-11-20',8,'Astrogeology','Pachyglossal',3),(4,'Церенова Жанна Леонидовна','79214860326','Гинеколог','1980-12-26',4,'Busybody','Henpeck',4),(5,'Буркун Никита Вячеславович','79213559546','Уролог','1981-01-31',3,'Antistrophe','Mutative',5),(8,'Бисултанова Марина Васильевна','79214957114','Невролог','1981-05-19',2,'Blubbering','Mealymouthed',8),(12,'Григоревский Степан Тимофеевич','79215807042','Терапевт','1981-10-10',6,'Botryoidal','Piddling',12),(13,'Ищенко Наталья Дамировна','79214598572','Гинеколог','1981-11-15',4,'Meninges','Eolation',13),(14,'Неучкина Олеся Рамилевна','79212857831','Уролог','1981-12-21',8,'KkslrFiasco','Squooshy',14),(15,'Звонарева Маргарита Алексеевна','79217446179','Офтальмолог','1982-01-26',4,'Kentledge','Tufthunter',15),(16,'Тибекина Татьяна Семеновна','79215946462','Эндокринолог','1982-03-03',3,'Hyperbole','FexloYawp',16),(19,'Нелюбин Семен Михаилович','79215607393','Хирург','1982-06-19',2,'Patroon','Whirlybird',19),(23,'Шамсутдинов Герман Ярославович','79211855895','Уролог','1982-11-10',6,'Sciolism','Evaporimeter',23),(24,'Догузов Ярослав Максимович','79217112040','Офтальмолог','1982-12-16',4,'MissmadFutz','Ice_vSully',1),(25,'Привизенцев Юрий Кириллович','79213612939','Эндокринолог','1983-01-21',8,'Tritavus','Banausic',2),(26,'Супрунюк Петр Дамирович','79215398876','Невролог','1983-02-26',4,'Cjmcool9Shneee','Ruffian',3),(27,'Мордовцева Лариса Радиковна','79216254212','Ортопед','1983-04-03',3,'Acerate','Intercostal',4),(30,'Незнанская Алла Евгеньевна','79217425196','Терапевт','1983-07-20',2,'Hawsehole','Didymous',7),(34,'Сенько Дамир Русланович','79219401469','Эндокринолог','1983-12-11',6,'Jargogle','Trencherman',11),(35,'Жидкий Виталий Маратович','79218211767','Невролог','1984-01-16',4,'ScutumAfore','Quincurion',12),(36,'Давлетшина Алиса Леонидовна','79213615996','Ортопед','1984-02-21',8,'HopecSalve','Calaboose',13),(37,'Нездольцева Елизавета Ярославовна','79211648152','Хирург','1984-03-28',4,'DcdobsonThewe','Killxthe3Osmol',14),(38,'Храмченко Галина Германовна','79219234820','Онколог','1984-05-03',3,'BenonBonny','Whirligig',15),(41,'Аделгареева Лилия Денисовна','79210382803','Уролог','1984-08-19',2,'Stellify','Durityman70090',18),(45,'Ауэзова Карина Леонидовна','79217396434','Ортопед','1985-01-10',5,'Jugtors13','Belcher',22),(46,'Маслобоев Данил Германович','79210690075','Хирург','1985-02-15',3,'Anchusa','Landlubber',23),(47,'Табунщиков Артур Борисович','79213384048','Онколог','1985-03-23',1,'Iambize','Thaumaturgy',1),(48,'Иеропольская Виктория Ивановна','79216413860','Терапевт','1985-04-28',2,'Quiddle','Footloose',2),(49,'Шестникова Раиса Леонидовна','79210925363','Гинеколог','1985-06-03',6,'Volitient','Lyophile',3),(53,'Аржиловская Кира Леонидовна','79212845579','Невролог','1985-10-25',4,'Hautlaxrs','Partimhady75',7),(63,'Цыденов Петр Иванович','79210388862','Ортопед','1986-10-20',5,'Paxillose','Starveling',17),(73,'Уральских Рамиль Константинович','79213747170','Хирург','1987-10-15',6,'Pedalian','Expromission',4),(83,'Царевитинов Максим Вадимович','79219573556','Онколог','1988-10-09',7,'Bellarmine','Recriminate',14),(88,'Венглинская Надежда Ефимовна','79210960403','Эндокринолог','1989-04-07',7,'KlarakPrimp','Fancywork',19),(89,'Нухимович Алла Никитовна','79218525562','Невролог','1989-05-13',4,'Photophilous','Venatic',20),(90,'Видьманова Альбина Сергеевна','79218022846','Ортопед','1989-06-18',3,'SabrinZephyr','Loophole',21),(91,'Шалагинов Владимир Евгеньевич','79213417744','Хирург','1989-07-24',2,'Agoraphobia','WritingDehort',22),(92,'Акцынова Александра Дмитриевна','79214089010','Онколог','1989-08-29',1,'DjcreepHoi','GoblueRagtag',23),(93,'Бобыкин Петр Евгеньевич','79216342979','Терапевт','1989-10-04',2,'Octothorp','Pavonian',1),(94,'Лепешкин Вадим Денисович','79217215688','Гинеколог','1989-11-09',3,'MechmanEcru','Wunderkind',2),(95,'Извозчикова Ангелина Михаиловна','79212970318','Уролог','1989-12-15',4,'Gunarchy','Echolalia',3),(96,'Ерина Олеся Ринатовна','79211672771','Офтальмолог','1990-01-20',6,'Whitey_Rugrat','Brouhaha',4),(97,'Мурашев Рамиль Владиславович','79210670369','Эндокринолог','1990-02-25',8,'Euonymous','Wapenshaw',5),(98,'Лавренков Константин Радикович','79218074854','Невролог','1990-04-02',1,'Soliloquy','VaccarRhumb',6),(99,'Мишурина Александра Ярославовна','79214108296','Ортопед','1990-05-08',8,'Nosology','Propinquity',7),(100,'Корчмин Анатолий Никитович','79215463177','Хирург','1990-06-13',4,'Gazpacho','EnedUnau',8);
/*!40000 ALTER TABLE `doctor` ENABLE KEYS */;
UNLOCK TABLES;

--
-- Table structure for table `medical_card`
--

DROP TABLE IF EXISTS `medical_card`;
/*!40101 SET @saved_cs_client     = @@character_set_client */;
/*!50503 SET character_set_client = utf8mb4 */;
CREATE TABLE `medical_card` (
  `medical_card_id` int NOT NULL AUTO_INCREMENT,
  `user_id` int NOT NULL,
  `date_release` date NOT NULL,
  `diagnosis` varchar(1000) DEFAULT NULL,
  `medical_history` longtext,
  PRIMARY KEY (`medical_card_id`),
  KEY `fk_medical_card_user_idx` (`user_id`),
  CONSTRAINT `fk_medical_card_user` FOREIGN KEY (`user_id`) REFERENCES `user` (`user_id`) ON DELETE CASCADE ON UPDATE CASCADE
) ENGINE=InnoDB DEFAULT CHARSET=utf8mb4 COLLATE=utf8mb4_0900_ai_ci;
/*!40101 SET character_set_client = @saved_cs_client */;

--
-- Dumping data for table `medical_card`
--

LOCK TABLES `medical_card` WRITE;
/*!40000 ALTER TABLE `medical_card` DISABLE KEYS */;
/*!40000 ALTER TABLE `medical_card` ENABLE KEYS */;
UNLOCK TABLES;

--
-- Table structure for table `medical_event`
--

DROP TABLE IF EXISTS `medical_event`;
/*!40101 SET @saved_cs_client     = @@character_set_client */;
/*!50503 SET character_set_client = utf8mb4 */;
CREATE TABLE `medical_event` (
  `event_id` int NOT NULL AUTO_INCREMENT,
  `user_id` int NOT NULL,
  `doctor_id` int NOT NULL,
  `event_date` date DEFAULT NULL,
  `type` varchar(50) DEFAULT NULL,
  `event_name` varchar(200) DEFAULT NULL,
  `result` text,
  `recomendation` text,
  PRIMARY KEY (`event_id`),
  KEY `fk_medical_event_user1_idx` (`user_id`),
  KEY `fk_medical_event_doctor1_idx` (`doctor_id`),
  CONSTRAINT `fk_medical_event_doctor1` FOREIGN KEY (`doctor_id`) REFERENCES `doctor` (`doctor_id`) ON DELETE CASCADE ON UPDATE CASCADE,
  CONSTRAINT `fk_medical_event_user1` FOREIGN KEY (`user_id`) REFERENCES `user` (`user_id`) ON DELETE CASCADE ON UPDATE CASCADE
) ENGINE=InnoDB DEFAULT CHARSET=utf8mb4 COLLATE=utf8mb4_0900_ai_ci;
/*!40101 SET character_set_client = @saved_cs_client */;

--
-- Dumping data for table `medical_event`
--

LOCK TABLES `medical_event` WRITE;
/*!40000 ALTER TABLE `medical_event` DISABLE KEYS */;
/*!40000 ALTER TABLE `medical_event` ENABLE KEYS */;
UNLOCK TABLES;

--
-- Table structure for table `polis`
--

DROP TABLE IF EXISTS `polis`;
/*!40101 SET @saved_cs_client     = @@character_set_client */;
/*!50503 SET character_set_client = utf8mb4 */;
CREATE TABLE `polis` (
  `polis_id` int NOT NULL AUTO_INCREMENT,
  `user_id` int NOT NULL,
  `number` int NOT NULL,
  `end_date` date DEFAULT NULL,
  PRIMARY KEY (`polis_id`),
  KEY `fk_polis_user1_idx` (`user_id`),
  CONSTRAINT `fk_polis_user1` FOREIGN KEY (`user_id`) REFERENCES `user` (`user_id`) ON DELETE CASCADE ON UPDATE CASCADE
) ENGINE=InnoDB AUTO_INCREMENT=101 DEFAULT CHARSET=utf8mb4 COLLATE=utf8mb4_0900_ai_ci;
/*!40101 SET character_set_client = @saved_cs_client */;

--
-- Dumping data for table `polis`
--

LOCK TABLES `polis` WRITE;
/*!40000 ALTER TABLE `polis` DISABLE KEYS */;
INSERT INTO `polis` VALUES (1,1,983211,'2025-10-02'),(2,2,973197,'2025-11-08'),(3,3,963183,'2025-12-15'),(4,4,953169,'2026-01-21'),(5,5,943155,'2026-02-27'),(6,6,933141,'2026-04-05'),(7,7,923127,'2026-05-12'),(8,8,913113,'2026-06-18'),(9,9,903099,'2026-07-25'),(10,10,893085,'2026-08-31'),(11,11,883071,'2026-10-07'),(12,12,873057,'2026-11-13'),(13,13,863043,'2026-12-20'),(14,14,853029,'2027-01-26'),(15,15,843015,'2027-03-04'),(16,16,833001,'2027-04-10'),(17,17,822987,'2027-05-17'),(18,18,812973,'2027-06-23'),(19,19,802959,'2027-07-30'),(20,20,792945,'2027-09-05'),(21,21,782931,'2027-10-12'),(22,22,772917,'2027-11-18'),(23,23,762903,'2027-12-25'),(24,24,752889,'2028-01-31'),(25,25,742875,'2028-03-08'),(26,26,732861,'2028-04-14'),(27,27,722847,'2028-05-21'),(28,28,712833,'2028-06-27'),(29,29,702819,'2028-08-03'),(30,30,692805,'2028-09-09'),(31,31,682791,'2028-10-16'),(32,32,672777,'2028-11-22'),(33,33,662763,'2028-12-29'),(34,34,652749,'2029-02-04'),(35,35,642735,'2029-03-13'),(36,36,632721,'2029-04-19'),(37,37,622707,'2029-05-26'),(38,38,612693,'2029-07-02'),(39,39,602679,'2029-08-08'),(40,40,592665,'2029-09-14'),(41,41,582651,'2029-10-21'),(42,42,572637,'2029-11-27'),(43,43,562623,'2030-01-03'),(44,44,552609,'2030-02-09'),(45,45,542595,'2030-03-18'),(46,46,532581,'2030-04-24'),(47,47,522567,'2030-05-31'),(48,48,512553,'2030-07-07'),(49,49,502539,'2030-08-13'),(50,50,492525,'2030-09-19'),(51,51,482511,'2030-10-26'),(52,52,472497,'2030-12-02'),(53,53,462483,'2031-01-08'),(54,54,452469,'2031-02-14'),(55,55,442455,'2031-03-23'),(56,56,432441,'2031-04-29'),(57,57,422427,'2031-06-05'),(58,58,412413,'2031-07-12'),(59,59,402399,'2031-08-18'),(60,60,392385,'2031-09-24'),(61,61,382371,'2031-10-31'),(62,62,372357,'2031-12-07'),(63,63,362343,'2032-01-13'),(64,64,352329,'2032-02-19'),(65,65,342315,'2032-03-27'),(66,66,332301,'2032-05-03'),(67,67,322287,'2032-06-09'),(68,68,312273,'2032-07-16'),(69,69,302259,'2032-08-22'),(70,70,292245,'2032-09-28'),(71,71,282231,'2032-11-04'),(72,72,272217,'2032-12-11'),(73,73,262203,'2033-01-17'),(74,74,252189,'2033-02-23'),(75,75,242175,'2033-04-01'),(76,76,232161,'2033-05-08'),(77,77,222147,'2033-06-14'),(78,78,212133,'2033-07-21'),(79,79,202119,'2033-08-27'),(80,80,192105,'2033-10-03'),(81,81,182091,'2033-11-09'),(82,82,172077,'2033-12-16'),(83,83,162063,'2034-01-22'),(84,84,152049,'2034-02-28'),(85,85,142035,'2034-04-06'),(86,86,132021,'2034-05-13'),(87,87,122007,'2034-06-19'),(88,88,111993,'2034-07-26'),(89,89,101979,'2034-09-01'),(90,90,101975,'2034-10-08'),(91,91,101971,'2034-11-14'),(92,92,101967,'2034-12-21'),(93,93,101963,'2035-01-27'),(94,94,101959,'2035-03-05'),(95,95,101955,'2035-04-11'),(96,96,101951,'2035-05-18'),(97,97,101947,'2035-06-24'),(98,98,101943,'2035-07-31'),(99,99,101939,'2035-09-06'),(100,100,101935,'2035-10-13');
/*!40000 ALTER TABLE `polis` ENABLE KEYS */;
UNLOCK TABLES;

--
-- Table structure for table `user`
--

DROP TABLE IF EXISTS `user`;
/*!40101 SET @saved_cs_client     = @@character_set_client */;
/*!50503 SET character_set_client = utf8mb4 */;
CREATE TABLE `user` (
  `user_id` int NOT NULL AUTO_INCREMENT,
  `fio` varchar(150) NOT NULL,
  `passport` int NOT NULL,
  `birthday` date NOT NULL,
  `sex` varchar(10) NOT NULL,
  `address` varchar(200) DEFAULT NULL,
  `phone` varchar(12) NOT NULL,
  `email` varchar(100) DEFAULT NULL,
  `photo` blob,
  PRIMARY KEY (`user_id`)
) ENGINE=InnoDB AUTO_INCREMENT=101 DEFAULT CHARSET=utf8mb4 COLLATE=utf8mb4_0900_ai_ci;
/*!40101 SET character_set_client = @saved_cs_client */;

--
-- Dumping data for table `user`
--

LOCK TABLES `user` WRITE;
/*!40000 ALTER TABLE `user` DISABLE KEYS */;
INSERT INTO `user` VALUES (1,'Хондажевский Семен Максимович',1111111111,'1989-05-01','мужской','426668, г. Ижевск, ул. Дачная, 14, оф. 16','79521864790','yczxchlv93@aol.com',''),(2,'Калатозов Марат Николаевич',1111111112,'1989-05-02','мужской','394370, г. Воронеж, ул. Маяковского, 13, оф. 26','79253214381','vvqxrlvt82@mail.ru',''),(3,'Самосов Ильдар Робертович',1111111113,'1989-05-03','мужской','426489, г. Ижевск, ул. 8 Марта, 19, оф. 86','79850093660','ndqpzomb34@mail.ru',''),(4,'Арефьев Яков Константинович',1111111114,'1989-05-04','мужской','426907, г. Ижевск, ул. Родниковая, 36, оф. 5','79045197523','avvatwdu94@yandex.ru',''),(5,'Олялин Данил Антонович',1111111115,'1989-05-05','мужской','644078, г. Омск, ул. Родниковая, 50, оф. 32','79340314116','mkrwyinr71@gmail.com',''),(6,'Шайкенов Владимир Русланович',1111111116,'1989-05-06','мужской','125050, г. Москва, ул. Речная, 9, оф. 66','79604178529','efwayyjt11@yandex.ru',''),(7,'Гривин Эдуард Ярославович',1111111117,'1989-05-07','мужской','630828, г. Новосибирск, ул. Заречная, 42, оф. 99','79282489679','bhmullzl88@yahoo.com',''),(8,'Ратушный Ильдар Георгиевич',1111111118,'1989-05-08','мужской','410112, г. Саратов, ул. Степная, 29, оф. 5','79546439253','sdanyenk36@bk.ru',''),(9,'Донсков Антон Дмитриевич',1111111119,'1989-05-09','мужской','190793, г. Санкт-Петербург, ул. Партизанская, 27, оф. 7','79684215827','tyxhhtoy21@gmail.com',''),(10,'Храпов Юрий Станиславович',1111111120,'1989-05-10','мужской','450770, г. Уфа, ул. Энергетиков, 12, оф. 64','79556285897','nozzlnla64@yandex.ru',''),(11,'Килибаев Эдуард Яковлев',1111111121,'1989-05-11','мужской','350354, г. Краснодар, ул. Дружбы, 2, оф. 15','79976488167','ylescuxz62@mail.ru',''),(12,'Опраксин Владимир Филиппович',1111111122,'1989-05-12','мужской','125748, г. Москва, ул. Строителей, 25, оф. 100','79268739961','zwnqearc32@list.ru',''),(13,'Ботнарюк Максим Денисович',1111111123,'1989-05-13','мужской','450854, г. Уфа, ул. Лермонтова, 33, оф. 73','79265793317','pwgrchzd3@gmail.com',''),(14,'Полевых Роберт Кириллович',1111111124,'1989-05-14','мужской','614869, г. Пермь, ул. Лесная, 41, оф. 32','79295786827','yoiskzet74@list.ru',''),(15,'Абдрафиков Николай Валерьевич',1111111125,'1989-05-15','мужской','350239, г. Краснодар, ул. Ленина, 49, оф. 96','79337130223','lwmznpyv85@mail.ru',''),(16,'Хаймин Григорий Русланович',1111111126,'1989-05-16','мужской','394616, г. Воронеж, ул. Чкалова, 18, оф. 52','79273591608','elkltlim63@yahoo.com',''),(17,'Федотчев Павел Андреевич',1111111127,'1989-05-17','мужской','190554, г. Санкт-Петербург, ул. Кооперативная, 44, оф. 38','79316463935','yayevoeo26@list.ru',''),(18,'Совин Борис Юрьевич',1111111128,'1989-05-18','мужской','454749, г. Челябинск, ул. Механизаторов, 11, оф. 22','79316030293','xfvebfjr32@yahoo.com',''),(19,'Кайсин Данил Глебович',1111111129,'1989-05-19','мужской','344386, г. Ростов-на-Дону, ул. Овражная, 37, оф. 65','79092121506','hulckuvp6@hotmail.com',''),(20,'Гомоюнов Тимофей Кириллович',1111111130,'1989-05-20','мужской','630957, г. Новосибирск, ул. Матросова, 14, оф. 36','79683988156','udwjpsce97@hotmail.com',''),(21,'Бобяк Филипп Петрович',1111111131,'1989-05-21','мужской','614889, г. Пермь, ул. Дорожная, 32, оф. 8','79665616957','vugypcol10@internet.ru',''),(22,'Чигрин Борис Павлович',1111111132,'1989-05-22','мужской','454661, г. Челябинск, ул. Почтовая, 35, оф. 9','79137625872','gdnzelic87@gmail.com',''),(23,'Скубченко Рамиль Станиславович',1111111133,'1989-05-23','мужской','443247, г. Самара, ул. Нагорная, 12, оф. 24','79252836457','eqhygmec4@bk.ru',''),(24,'Лошинский Герман Вадимович',1111111134,'1989-05-24','мужской','400613, г. Волгоград, ул. Мичурина, 28, оф. 10','79083959023','zmrvccxn71@bk.ru',''),(25,'Ферапонтов Тимофей Валентинович',1111111135,'1989-05-25','мужской','454049, г. Челябинск, ул. Механизаторов, 49, оф. 27','79202863325','fvelitja41@yandex.ru',''),(26,'Вальховский Владислав Янович',1111111136,'1989-05-26','мужской','454915, г. Челябинск, ул. Мира, 48, оф. 25','79709721778','vygpxedc95@list.ru',''),(27,'Толстопалов Максим Анатольевич',1111111137,'1989-05-27','мужской','445964, г. Тольятти, ул. Пионерская, 15, оф. 50','79221488898','sccdrazp9@list.ru',''),(28,'Чуйкин Юрий Радикович',1111111138,'1989-05-28','мужской','625694, г. Тюмень, ул. Центральная, 4, оф. 14','79635588576','bhsysean78@yandex.ru',''),(29,'Вендров Дмитрий Геннадьевич',1111111139,'1989-05-29','мужской','625074, г. Тюмень, ул. Больничная, 16, оф. 3','79275811829','xcbicjbb12@yandex.ru',''),(30,'Ховреин Антон Валерьевич',1111111140,'1989-05-30','мужской','603636, г. Нижний Новгород, ул. Вишневая, 37, оф. 40','79226100310','jtcnjowd7@yahoo.com',''),(31,'Уяздовский Дмитрий Яковлев',1111111141,'1989-05-31','мужской','443247, г. Самара, ул. Лермонтова, 34, оф. 93','79209477118','cmareabx90@yandex.ru',''),(32,'Катрин Геннадий Иванович',1111111142,'1989-06-01','мужской','614155, г. Пермь, ул. Овражная, 27, оф. 61','79056424936','utcftxfy97@bk.ru',''),(33,'Дуров Алексей Ярославович',1111111143,'1989-06-02','мужской','344664, г. Ростов-на-Дону, ул. Центральная, 50, оф. 60','79970421146','tvbnzwdl93@bk.ru',''),(34,'Алдохин Степан Янович',1111111144,'1989-06-03','мужской','614922, г. Пермь, ул. Заводская, 9, оф. 99','79298345785','srheavrd1@hotmail.com',''),(35,'Брянчанинов Сергей Сергеевич',1111111145,'1989-06-04','мужской','630537, г. Новосибирск, ул. Горького, 28, оф. 4','79684944869','pnlxctpq37@mail.ru',''),(36,'Ситько Артур Валерьевич',1111111146,'1989-06-05','мужской','630245, г. Новосибирск, ул. Победы, 30, оф. 40','79145371635','cdimfqyh38@mail.ru',''),(37,'Козадой Вячеслав Вадимович',1111111147,'1989-06-06','мужской','426559, г. Ижевск, ул. Центральная, 18, оф. 87','79948253627','bylchuyz41@gmail.com',''),(38,'Тюрякулов Олег Юрьевич',1111111148,'1989-06-07','мужской','603739, г. Нижний Новгород, ул. Солнечная, 1, оф. 48','79924700350','ewwhdwrp40@gmail.com',''),(39,'Теренин Егор Андреевич',1111111149,'1989-06-08','мужской','350941, г. Краснодар, ул. Зеленая, 6, оф. 74','79789430100','goxfzkug64@yahoo.com',''),(40,'Базылевич Герман Олегович',1111111150,'1989-06-09','мужской','420632, г. Казань, ул. Светлая, 31, оф. 13','79994021635','owizesyf34@inbox.ru',''),(41,'Жабенков Сергей Никитович',1111111151,'1989-06-10','мужской','603929, г. Нижний Новгород, ул. Коммунистическая, 39, оф. 90','79213828708','dlaphadp52@yandex.ru',''),(42,'Однопольцев Анатолий Ефимович',1111111152,'1989-06-11','мужской','420385, г. Казань, ул. Школьная, 31, оф. 63','79288431131','bhwknywh61@hotmail.com',''),(43,'Романский Максим Данилович',1111111153,'1989-06-12','мужской','420379, г. Казань, ул. Солнечная, 38, оф. 84','79019300952','enzalksk41@aol.com',''),(44,'Варфоломеев Степан Ефимович',1111111154,'1989-06-13','мужской','445596, г. Тольятти, ул. Чапаева, 33, оф. 14','79912269535','zimxzmxv49@aol.com',''),(45,'Тарновский Игорь Федорович',1111111155,'1989-06-14','мужской','614521, г. Пермь, ул. Садовая, 20, оф. 31','79216672567','fziqtowx81@yahoo.com',''),(46,'Павлыгин Ринат Маратович',1111111156,'1989-06-15','мужской','394863, г. Воронеж, ул. Мичурина, 7, оф. 17','79642722041','thphmlwu43@gmail.com',''),(47,'Мухамедиев Евгений Михаилович',1111111157,'1989-06-16','мужской','445509, г. Тольятти, ул. Верхняя, 42, оф. 3','79148007908','poksugir48@aol.com',''),(48,'Вахрамеев Игорь Тимофеевич',1111111158,'1989-06-17','мужской','344663, г. Ростов-на-Дону, ул. Победы, 45, оф. 80','79585880265','cpfuatul31@gmail.com',''),(49,'Шашкин Семен Федорович',1111111159,'1989-06-18','мужской','344327, г. Ростов-на-Дону, ул. Красная, 5, оф. 49','79835840790','rnxvxfth83@mail.ru',''),(50,'Каракозов Станислав Валерьевич',1111111160,'1989-06-19','мужской','445742, г. Тольятти, ул. Пушкина, 27, оф. 12','79049459181','kjgpoaen17@gmail.com',''),(51,'Сниткина Татьяна Ивановна',1111111161,'1989-06-20','женский','426470, г. Ижевск, ул. Юбилейная, 41, оф. 28','79691838060','masrwsnw30@list.ru',''),(52,'Эмирова Елизавета Эдуардовна',1111111162,'1989-06-21','женский','400864, г. Волгоград, ул. Мира, 7, оф. 65','79060542227','hzzdaavw3@hotmail.com',''),(53,'Бадюкова Галина Семеновна',1111111163,'1989-06-22','женский','603065, г. Нижний Новгород, ул. Родниковая, 50, оф. 52','79541999647','rtsktoie38@gmail.com',''),(54,'Веневцева Яна Владимировна',1111111164,'1989-06-23','женский','350663, г. Краснодар, ул. Почтовая, 12, оф. 27','79716827192','ejgqpztq78@inbox.ru',''),(55,'Баранчик Олеся Никитовна',1111111165,'1989-06-24','женский','630345, г. Новосибирск, ул. Лесная, 44, оф. 56','79864807350','sxobuubf57@gmail.com',''),(56,'Эзерина Елена Леонидовна',1111111166,'1989-06-25','женский','394498, г. Воронеж, ул. Заводская, 10, оф. 63','79527626463','ayxhaknp92@hotmail.com',''),(57,'Алтынбаева Ирина Витальевна',1111111167,'1989-06-26','женский','350546, г. Краснодар, ул. Московская, 16, оф. 96','79632018332','bwjosafn1@yahoo.com',''),(58,'Шинкаренкова Элина Вадимовна',1111111168,'1989-06-27','женский','620529, г. Екатеринбург, ул. Октябрьская, 29, оф. 83','79528550325','cvhftnvm65@hotmail.com',''),(59,'Недопузина Александра Константиновна',1111111169,'1989-06-28','женский','400125, г. Волгоград, ул. Ленина, 46, оф. 64','79410414699','igyshmtb89@hotmail.com',''),(60,'Байрамкулова Алена Никитовна',1111111170,'1989-06-29','женский','603044, г. Нижний Новгород, ул. 1 Мая, 10, оф. 27','79839536922','lzxrrbfb88@aol.com',''),(61,'Кознева Марина Тимуровна',1111111171,'1989-06-30','женский','660712, г. Красноярск, ул. Колхозная, 7, оф. 47','79331929968','bgmwsvgy69@mail.ru',''),(62,'Торговкина Евгения Леонидовна',1111111172,'1989-07-01','женский','454808, г. Челябинск, ул. Красная, 21, оф. 58','79412031481','dlleaysg82@gmail.com',''),(63,'Ставская Алла Альбертовна',1111111173,'1989-07-02','женский','660197, г. Красноярск, ул. Степная, 40, оф. 87','79668299358','qgudvkxr98@list.ru',''),(64,'Хайдукова Татьяна Антоновна',1111111174,'1989-07-03','женский','443942, г. Самара, ул. Чехова, 33, оф. 11','79850694533','pctjbzfq4@bk.ru',''),(65,'Закривидорога Эльмира Олеговна',1111111175,'1989-07-04','женский','625126, г. Тюмень, ул. Весенняя, 11, оф. 61','79413974283','dxjgfzti87@internet.ru',''),(66,'Лариошина Лилия Робертовна',1111111176,'1989-07-05','женский','454899, г. Челябинск, ул. Куйбышева, 26, оф. 61','79511599792','xgkhqnmf9@gmail.com',''),(67,'Хворова Жанна Ринатовна',1111111177,'1989-07-06','женский','445169, г. Тольятти, ул. Шоссейная, 22, оф. 40','79559752756','gagawmoh45@bk.ru',''),(68,'Шибаева Гульнара Дмитриевна',1111111178,'1989-07-07','женский','630639, г. Новосибирск, ул. Лесная, 14, оф. 71','79149501273','nmhigrva76@aol.com',''),(69,'Скрыпникова Карина Рамилевна',1111111179,'1989-07-08','женский','410387, г. Саратов, ул. Родниковая, 18, оф. 55','79706734097','yvxpzbti92@list.ru',''),(70,'Луковская Елена Даниловна',1111111180,'1989-07-09','женский','426598, г. Ижевск, ул. Южная, 10, оф. 64','79108378444','abtgryuw14@aol.com',''),(71,'Бузникина Виктория Марселевна',1111111181,'1989-07-10','женский','625839, г. Тюмень, ул. Чкалова, 34, оф. 88','79888560711','qawuutmm45@internet.ru',''),(72,'Ольшанникова Елизавета Альбертовна',1111111182,'1989-07-11','женский','426139, г. Ижевск, ул. Озерная, 13, оф. 46','79994645385','wgsfizwt51@yahoo.com',''),(73,'Шавкутина Елизавета Ринатовна',1111111183,'1989-07-12','женский','614602, г. Пермь, ул. Красная, 16, оф. 44','79161519548','pllwhklt31@yandex.ru',''),(74,'Иванчик Инна Тимофеевна',1111111184,'1989-07-13','женский','454751, г. Челябинск, ул. Партизанская, 36, оф. 63','79167319206','alklgdlr44@inbox.ru',''),(75,'Длотовская Ольга Петровна',1111111185,'1989-07-14','женский','620986, г. Екатеринбург, ул. Родниковая, 4, оф. 100','79042783033','dxvmjzzr98@bk.ru',''),(76,'Пионтковская Маргарита Даниловна',1111111186,'1989-07-15','женский','420541, г. Казань, ул. Колхозная, 6, оф. 55','79545343216','rxwospzh99@yandex.ru',''),(77,'Толпегина Валерия Маратовна',1111111187,'1989-07-16','женский','644836, г. Омск, ул. Озерная, 20, оф. 47','79362107523','kzlfqped38@inbox.ru',''),(78,'Кострикина Виктория Германовна',1111111188,'1989-07-17','женский','620788, г. Екатеринбург, ул. Интернациональная, 10, оф. 34','79850020184','twbcrrgf78@list.ru',''),(79,'Курбаналеева Евгения Алексеевна',1111111189,'1989-07-18','женский','620662, г. Екатеринбург, ул. Новая, 17, оф. 72','79716752264','enbxwnqo20@yahoo.com',''),(80,'Свилева Галина Дмитриевна',1111111190,'1989-07-19','женский','625932, г. Тюмень, ул. Свердлова, 9, оф. 64','79786750019','oolxhgkh42@internet.ru',''),(81,'Матекина Карина Яковлевна',1111111191,'1989-07-20','женский','190827, г. Санкт-Петербург, ул. Родниковая, 10, оф. 71','79878515368','pcapewsn88@list.ru',''),(82,'Бычатина Тамара Викторовна',1111111192,'1989-07-21','женский','190091, г. Санкт-Петербург, ул. 1 Мая, 1, оф. 37','79994645287','qkpgdpkm90@inbox.ru',''),(83,'Картожинская Алина Семеновна',1111111193,'1989-07-22','женский','450074, г. Уфа, ул. Солнечная, 24, оф. 5','79370657967','zplqmmza42@hotmail.com',''),(84,'Насретдинова Раиса Семеновна',1111111194,'1989-07-23','женский','620150, г. Екатеринбург, ул. Гагарина, 30, оф. 4','79181940654','andwdqxa54@aol.com',''),(85,'Руссова Ксения Витальевна',1111111195,'1989-07-24','женский','125885, г. Москва, ул. Мира, 31, оф. 14','79603569338','dfjnvezp97@mail.ru',''),(86,'Полуешкина Лилия Павловна',1111111196,'1989-07-25','женский','426297, г. Ижевск, ул. Труда, 43, оф. 40','79099548233','wvoihfpj28@internet.ru',''),(87,'Пакулева Эльмира Евгеньевна',1111111197,'1989-07-26','женский','603428, г. Нижний Новгород, ул. Озерная, 7, оф. 36','79126869451','grghuntm14@mail.ru',''),(88,'Мокеева Елизавета Геннадьевна',1111111198,'1989-07-27','женский','660629, г. Красноярск, ул. Озерная, 23, оф. 11','79935150186','prksqfsb81@aol.com',''),(89,'Дорофеева Ирина Ринатовна',1111111199,'1989-07-28','женский','394149, г. Воронеж, ул. Чкалова, 49, оф. 44','79529595709','yutqirxl98@mail.ru',''),(90,'Истомахина Кира Сергеевна',1111111200,'1989-07-29','женский','630045, г. Новосибирск, ул. Больничная, 3, оф. 81','79673227761','acsymgrt86@yahoo.com',''),(91,'Маханова Надежда Аркадьевна',1111111201,'1989-07-30','женский','394878, г. Воронеж, ул. Овражная, 37, оф. 25','79165956040','zasxnxsb17@aol.com',''),(92,'Абилова Валентина Геннадьевна',1111111202,'1989-07-31','женский','644017, г. Омск, ул. Ленина, 31, оф. 87','79842176000','bncevmjo47@aol.com',''),(93,'Тараруева Александра Филипповна',1111111203,'1989-08-01','женский','125417, г. Москва, ул. Горная, 46, оф. 56','79610940259','myiumgjn83@hotmail.com',''),(94,'Кубышка Ирина Яновна',1111111204,'1989-08-02','женский','603363, г. Нижний Новгород, ул. Майская, 35, оф. 76','79780724078','hnphzvcr25@internet.ru',''),(95,'Рысина Римма Григорьевна',1111111205,'1989-08-03','женский','443513, г. Самара, ул. Восточная, 24, оф. 23','79033089513','mvkuiizz86@gmail.com',''),(96,'Рогозянская Светлана Тимуровна',1111111206,'1989-08-04','женский','190383, г. Санкт-Петербург, ул. Фрунзе, 14, оф. 20','79311332579','tockmxll65@aol.com',''),(97,'Козелкова Анжелика Радиковна',1111111207,'1989-08-05','женский','614818, г. Пермь, ул. Спортивная, 28, оф. 23','79696681443','odsqzsul77@yahoo.com',''),(98,'Ипатьева Светлана Ильдаровна',1111111208,'1989-08-06','женский','125162, г. Москва, ул. 8 Марта, 34, оф. 39','79214480918','jzvjdyex56@inbox.ru',''),(99,'Солдатова Юлия Даниловна',1111111209,'1989-08-07','женский','190995, г. Санкт-Петербург, ул. Нагорная, 16, оф. 12','79112290497','xcgjepoo34@yahoo.com',''),(100,'Ревенко Дарья Аркадьевна',1111111210,'1989-08-08','женский','660064, г. Красноярск, ул. Железнодорожная, 42, оф. 51','79619233510','hnflqptk97@hotmail.com','');
/*!40000 ALTER TABLE `user` ENABLE KEYS */;
UNLOCK TABLES;

--
-- Table structure for table `visit`
--

DROP TABLE IF EXISTS `visit`;
/*!40101 SET @saved_cs_client     = @@character_set_client */;
/*!50503 SET character_set_client = utf8mb4 */;
CREATE TABLE `visit` (
  `visit_id` int NOT NULL AUTO_INCREMENT,
  `user_id` int NOT NULL,
  `event_id` int NOT NULL,
  `visit_date` date DEFAULT NULL,
  `next_visit_date` date DEFAULT NULL,
  PRIMARY KEY (`visit_id`),
  KEY `fk_visit_user1_idx` (`user_id`),
  KEY `fk_visit_medical_event1_idx` (`event_id`),
  CONSTRAINT `fk_visit_medical_event1` FOREIGN KEY (`event_id`) REFERENCES `medical_event` (`event_id`) ON DELETE CASCADE ON UPDATE CASCADE,
  CONSTRAINT `fk_visit_user1` FOREIGN KEY (`user_id`) REFERENCES `user` (`user_id`) ON DELETE CASCADE ON UPDATE CASCADE
) ENGINE=InnoDB DEFAULT CHARSET=utf8mb4 COLLATE=utf8mb4_0900_ai_ci;
/*!40101 SET character_set_client = @saved_cs_client */;

--
-- Dumping data for table `visit`
--

LOCK TABLES `visit` WRITE;
/*!40000 ALTER TABLE `visit` DISABLE KEYS */;
/*!40000 ALTER TABLE `visit` ENABLE KEYS */;
UNLOCK TABLES;
/*!40103 SET TIME_ZONE=@OLD_TIME_ZONE */;

/*!40101 SET SQL_MODE=@OLD_SQL_MODE */;
/*!40014 SET FOREIGN_KEY_CHECKS=@OLD_FOREIGN_KEY_CHECKS */;
/*!40014 SET UNIQUE_CHECKS=@OLD_UNIQUE_CHECKS */;
/*!40101 SET CHARACTER_SET_CLIENT=@OLD_CHARACTER_SET_CLIENT */;
/*!40101 SET CHARACTER_SET_RESULTS=@OLD_CHARACTER_SET_RESULTS */;
/*!40101 SET COLLATION_CONNECTION=@OLD_COLLATION_CONNECTION */;
/*!40111 SET SQL_NOTES=@OLD_SQL_NOTES */;

-- Dump completed on 2024-02-26 18:51:54
